MaBN,Tuoi,GioiTinh,HuyetApTamThu,HuyetApTamTruong,DuongHuyet,ChanDoan,ChanDoan_Code,scaled_Tuoi,scaled_HuyetApTamThu,scaled_HuyetApTamTruong,scaled_DuongHuyet
BN001,45,Nam,120.0,80.0,5.2,Tiểu Đường Type 2,1,0.04972897585583009,-0.5477225575051661,-0.5105274702426299,-0.6783234474692018
BN002,1,Nữ,110.0,82.0,4.8,,3,-1.1437664446840905,-1.6431676725154984,-0.07293249574894624,-0.8333688068907338
BN003,120,Nam,140.0,90.0,12.5,Tăng Huyết Áp,2,2.084096169957968,1.6431676725154984,1.6774474022257884,2.1512543619737543
BN004,30,Nữ,125.0,75.0,6.1,Tiểu Đường Type 1,0,-0.3571444629645974,0.0,-1.604514906476839,-0.3294713887707554
BN005,28,Nam,130.0,85.0,6.1,Tăng Huyết Áp,2,-0.41139425480732106,0.5477225575051661,0.5834599659915792,-0.3294713887707554
BN006,35,Nam,125.0,82.0,7.0,Tăng Huyết Áp,2,-0.22151998335778822,0.0,-0.07293249574894624,0.01938066992769141
